Symptom,Possible Diseases,Severity,Average Duration (days),Common in Region,Language Availability
Fever,"Malaria, Dengue, Typhoid",Moderate,7,Pan-India,"English, Hindi, Tamil, Telugu, Kannada, Malayalam, Bengali"
Persistent cough,"Tuberculosis, Bronchitis, COVID-19",Moderate,14,Pan-India,"English, Hindi, Tamil, Bengali, Marathi"
Joint pain,"Chikungunya, Arthritis, Dengue",Moderate,10,Pan-India,"English, Hindi, Tamil, Telugu, Kannada"
Skin rash,"Chickenpox, Measles, Allergic dermatitis",Mild,7,Pan-India,"English, Hindi, Tamil, Bengali, Marathi"
Headache,"Migraine, Sinusitis, Hypertension",Mild,3,Pan-India,"English, Hindi, Tamil, Telugu, Malayalam"
Abdominal pain,"Gastritis, Appendicitis, Food poisoning",Moderate,5,Pan-India,"English, Hindi, Tamil, Telugu, Kannada, Bengali"
Diarrhea,"Gastroenteritis, Cholera, Food poisoning",Moderate,4,Pan-India,"English, Hindi, Tamil, Bengali, Gujarati"
Vomiting,"Food poisoning, Viral infection, Gastritis",Moderate,3,Pan-India,"English, Hindi, Tamil, Telugu, Malayalam"
Fatigue,"Anemia, Hypothyroidism, Chronic fatigue syndrome",Mild,30,Pan-India,"English, Hindi, Tamil, Bengali, Marathi"
Difficulty breathing,"Asthma, Pneumonia, COPD",Severe,14,North India,"English, Hindi, Punjabi, Urdu"
Sore throat,"Pharyngitis, Tonsillitis, Common cold",Mild,5,Pan-India,"English, Hindi, Tamil, Telugu, Kannada"
Nasal congestion,"Common cold, Sinusitis, Allergic rhinitis",Mild,7,North India,"English, Hindi, Punjabi, Urdu"
Chest pain,"Angina, Gastroesophageal reflux, Pneumonia",Severe,3,Pan-India,"English, Hindi, Tamil, Bengali, Marathi"
Dizziness,"Vertigo, Anemia, Low blood pressure",Moderate,3,Pan-India,"English, Hindi, Tamil, Telugu, Kannada"
Swollen lymph nodes,"Tuberculosis, Lymphoma, Viral infection",Moderate,14,Pan-India,"English, Hindi, Bengali, Tamil, Marathi"
Jaundice,"Hepatitis, Liver cirrhosis, Malaria",Severe,21,Pan-India,"English, Hindi, Tamil, Bengali, Telugu"
Blood in stool,"Hemorrhoids, Colorectal cancer, Dysentery",Severe,5,Pan-India,"English, Hindi, Tamil, Bengali, Malayalam"
Burning urination,"Urinary tract infection, Kidney stones, Prostatitis",Moderate,7,Pan-India,"English, Hindi, Tamil, Telugu, Bengali"
Back pain,"Muscle strain, Herniated disc, Kidney stones",Moderate,10,Pan-India,"English, Hindi, Tamil, Marathi, Bengali"
Ear pain,"Ear infection, Swimmer's ear, Sinusitis",Moderate,5,Pan-India,"English, Hindi, Tamil, Bengali, Telugu"
Blurred vision,"Cataract, Glaucoma, Diabetic retinopathy",Moderate,60,Pan-India,"English, Hindi, Tamil, Bengali, Malayalam"
Loss of appetite,"Tuberculosis, Depression, Hepatitis",Moderate,14,Pan-India,"English, Hindi, Tamil, Bengali, Marathi"
Night sweats,"Tuberculosis, Lymphoma, Menopause",Moderate,21,Pan-India,"English, Hindi, Tamil, Bengali, Gujarati"
Nausea,"Motion sickness, Gastritis, Pregnancy",Mild,3,Pan-India,"English, Hindi, Tamil, Telugu, Malayalam"
Muscle weakness,"Vitamin D deficiency, Myasthenia gravis, Thyroid disorders",Moderate,30,North India,"English, Hindi, Punjabi, Urdu"
Frequent urination,"Diabetes, Urinary tract infection, Prostate enlargement",Moderate,7,Pan-India,"English, Hindi, Tamil, Bengali, Telugu"
Constipation,"Irritable bowel syndrome, Hypothyroidism, Dehydration",Mild,5,Pan-India,"English, Hindi, Tamil, Telugu, Kannada"
Blood in urine,"Urinary tract infection, Kidney stones, Bladder cancer",Severe,7,Pan-India,"English, Hindi, Tamil, Bengali, Marathi"
Wheezing,"Asthma, Bronchitis, COPD",Moderate,7,North India,"English, Hindi, Punjabi, Urdu"
Stiff neck,"Meningitis, Cervical spondylosis, Muscle strain",Moderate,7,Pan-India,"English, Hindi, Tamil, Bengali, Marathi"
Ankle swelling,"Heart failure, Kidney disease, Venous insufficiency",Moderate,14,Pan-India,"English, Hindi, Tamil, Bengali, Malayalam"
Weight loss,"Tuberculosis, Cancer, Hyperthyroidism",Moderate,30,Pan-India,"English, Hindi, Tamil, Bengali, Marathi"
Excessive thirst,"Diabetes, Dehydration, Kidney disease",Moderate,7,Pan-India,"English, Hindi, Tamil, Telugu, Kannada"
Increased hunger,"Diabetes, Hyperthyroidism, Parasitic infection",Moderate,14,Pan-India,"English, Hindi, Tamil, Bengali, Gujarati"
Dry cough,"Bronchitis, COVID-19, Asthma",Moderate,10,Pan-India,"English, Hindi, Tamil, Telugu, Malayalam"
Productive cough,"Pneumonia, Bronchitis, Tuberculosis",Moderate,14,North India,"English, Hindi, Punjabi, Urdu"
Itchy skin,"Scabies, Eczema, Allergies",Mild,14,Pan-India,"English, Hindi, Tamil, Bengali, Marathi"
Red eyes,"Conjunctivitis, Allergies, Glaucoma",Mild,7,Pan-India,"English, Hindi, Tamil, Telugu, Kannada"
Mouth ulcers,"Vitamin deficiency, Viral infection, Stress",Mild,10,Pan-India,"English, Hindi, Tamil, Bengali, Marathi"
Hair loss,"Alopecia, Thyroid disorders, Nutritional deficiency",Mild,60,Pan-India,"English, Hindi, Tamil, Bengali, Telugu"
Palpitations,"Anxiety, Arrhythmia, Anemia",Moderate,1,Pan-India,"English, Hindi, Tamil, Bengali, Malayalam"
Cold hands and feet,"Raynaud's disease, Hypothyroidism, Anemia",Mild,30,North India,"English, Hindi, Punjabi, Urdu"
Memory problems,"Dementia, Vitamin B12 deficiency, Depression",Moderate,60,Pan-India,"English, Hindi, Tamil, Bengali, Marathi"
Tremors,"Parkinson's disease, Essential tremor, Hyperthyroidism",Moderate,30,Pan-India,"English, Hindi, Tamil, Bengali, Telugu"
Excessive sweating,"Hyperthyroidism, Tuberculosis, Menopause",Moderate,21,Pan-India,"English, Hindi, Tamil, Bengali, Gujarati"
Hoarseness,"Laryngitis, Vocal cord nodules, Thyroid cancer",Mild,10,Pan-India,"English, Hindi, Tamil, Bengali, Marathi"
Dry skin,"Eczema, Psoriasis, Hypothyroidism",Mild,30,North India,"English, Hindi, Punjabi, Urdu"
Insomnia,"Anxiety, Depression, Sleep apnea",Moderate,21,Pan-India,"English, Hindi, Tamil, Bengali, Marathi"
Excessive sleepiness,"Sleep apnea, Depression, Hypothyroidism",Moderate,30,Pan-India,"English, Hindi, Tamil, Bengali, Telugu"
Numbness in extremities,"Peripheral neuropathy, Vitamin B12 deficiency, Diabetes",Moderate,21,Pan-India,"English, Hindi, Tamil, Bengali, Marathi"
Painful urination,"Urinary tract infection, Kidney stones, Sexually transmitted infection",Moderate,7,Pan-India,"English, Hindi, Tamil, Bengali, Telugu"
Swollen joints,"Rheumatoid arthritis, Gout, Reactive arthritis",Moderate,14,Pan-India,"English, Hindi, Tamil, Bengali, Marathi"
Muscle cramps,"Dehydration, Electrolyte imbalance, Vitamin D deficiency",Mild,3,Pan-India,"English, Hindi, Tamil, Telugu, Kannada"
Facial pain,"Sinusitis, Trigeminal neuralgia, Dental abscess",Moderate,7,North India,"English, Hindi, Punjabi, Urdu"
Eye pain,"Glaucoma, Corneal abrasion, Iritis",Moderate,5,Pan-India,"English, Hindi, Tamil, Bengali, Marathi"
Blood pressure fluctuations,"Hypertension, Pheochromocytoma, Anxiety",Moderate,7,Pan-India,"English, Hindi, Tamil, Bengali, Telugu"
Irregular heartbeat,"Arrhythmia, Anxiety, Electrolyte imbalance",Moderate,5,Pan-India,"English, Hindi, Tamil, Bengali, Marathi"
Excessive bruising,"Platelet disorders, Vitamin K deficiency, Leukemia",Moderate,14,Pan-India,"English, Hindi, Tamil, Bengali, Telugu"
Toothache,"Dental cavity, Abscess, Gum disease",Moderate,7,Pan-India,"English, Hindi, Tamil, Bengali, Marathi"
Jaw pain,"Temporomandibular joint disorder, Dental abscess, Trigeminal neuralgia",Moderate,14,Pan-India,"English, Hindi, Tamil, Bengali, Telugu"
Halitosis,"Gum disease, Dental infection, Gastroesophageal reflux",Mild,7,Pan-India,"English, Hindi, Tamil, Telugu, Malayalam"
Bloody sputum,"Tuberculosis, Lung cancer, Pneumonia",Severe,7,North India,"English, Hindi, Punjabi, Urdu"
Lower back pain,"Sciatica, Kidney infection, Herniated disc",Moderate,14,Pan-India,"English, Hindi, Tamil, Bengali, Marathi"
Knee pain,"Osteoarthritis, Ligament injury, Gout",Moderate,14,Pan-India,"English, Hindi, Tamil, Bengali, Telugu"
Shoulder pain,"Frozen shoulder, Rotator cuff injury, Bursitis",Moderate,21,Pan-India,"English, Hindi, Tamil, Bengali, Marathi"
Abdominal bloating,"Irritable bowel syndrome, Gastritis, Lactose intolerance",Mild,5,Pan-India,"English, Hindi, Tamil, Telugu, Kannada"
Anal bleeding,"Hemorrhoids, Anal fissure, Colorectal cancer",Moderate,7,Pan-India,"English, Hindi, Tamil, Bengali, Marathi"
Decreased urine output,"Kidney disease, Dehydration, Urinary obstruction",Severe,3,Pan-India,"English, Hindi, Tamil, Bengali, Telugu"
Loss of consciousness,"Syncope, Epilepsy, Hypoglycemia",Severe,1,Pan-India,"English, Hindi, Tamil, Bengali, Malayalam"
Confusion,"Delirium, Dementia, Encephalitis",Severe,7,Pan-India,"English, Hindi, Tamil, Bengali, Marathi"
Slurred speech,"Stroke, Transient ischemic attack, Multiple sclerosis",Severe,3,Pan-India,"English, Hindi, Tamil, Bengali, Telugu"
Facial drooping,"Stroke, Bell's palsy, Transient ischemic attack",Severe,14,Pan-India,"English, Hindi, Tamil, Bengali, Marathi"
Limb weakness,"Stroke, Multiple sclerosis, Guillain-Barré syndrome",Severe,21,Pan-India,"English, Hindi, Tamil, Bengali, Telugu"
Double vision,"Stroke, Brain tumor, Multiple sclerosis",Severe,7,Pan-India,"English, Hindi, Tamil, Bengali, Marathi"
Seizures,"Epilepsy, Brain tumor, Meningitis",Severe,1,Pan-India,"English, Hindi, Tamil, Bengali, Telugu"
Ringing in ears,"Tinnitus, Meniere's disease, Ear infection",Mild,14,Pan-India,"English, Hindi, Tamil, Bengali, Marathi"
Hearing loss,"Age-related hearing loss, Ear infection, Acoustic neuroma",Moderate,30,Pan-India,"English, Hindi, Tamil, Bengali, Telugu"
Balance problems,"Vertigo, Inner ear infection, Multiple sclerosis",Moderate,7,Pan-India,"English, Hindi, Tamil, Bengali, Marathi"
Frequent falls,"Parkinson's disease, Orthostatic hypotension, Multiple sclerosis",Severe,30,Pan-India,"English, Hindi, Tamil, Bengali, Telugu"
Excessive urination at night,"Diabetes, Prostate enlargement, Heart failure",Moderate,21,Pan-India,"English, Hindi, Tamil, Bengali, Marathi"
Erectile dysfunction,"Diabetes, Hypertension, Depression",Moderate,60,Pan-India,"English, Hindi, Tamil, Bengali, Telugu"
Painful intercourse,"Vaginitis, Endometriosis, Pelvic inflammatory disease",Moderate,21,Pan-India,"English, Hindi, Tamil, Bengali, Marathi"
Vaginal discharge,"Vaginitis, Sexually transmitted infection, Cervical cancer",Moderate,7,Pan-India,"English, Hindi, Tamil, Bengali, Telugu"
Abnormal vaginal bleeding,"Uterine fibroids, Endometriosis, Cervical cancer",Severe,7,Pan-India,"English, Hindi, Tamil, Bengali, Marathi"
Breast lump,"Fibrocystic disease, Breast cancer, Mastitis",Severe,14,Pan-India,"English, Hindi, Tamil, Bengali, Telugu"
Menstrual pain,"Endometriosis, Adenomyosis, Pelvic inflammatory disease",Moderate,5,Pan-India,"English, Hindi, Tamil, Bengali, Marathi"
Missed periods,"Pregnancy, Polycystic ovary syndrome, Stress",Moderate,30,Pan-India,"English, Hindi, Tamil, Bengali, Telugu"
Testicular pain,"Epididymitis, Testicular torsion, Orchitis",Severe,7,Pan-India,"English, Hindi, Tamil, Bengali, Marathi"
Scrotal swelling,"Hydrocele, Varicocele, Testicular cancer",Moderate,14,Pan-India,"English, Hindi, Tamil, Bengali, Telugu"
Painful ejaculation,"Prostatitis, Seminal vesiculitis, Urethritis",Moderate,14,Pan-India,"English, Hindi, Tamil, Bengali, Marathi"
Premature ejaculation,"Anxiety, Thyroid disorders, Prostatitis",Mild,60,Pan-India,"English, Hindi, Tamil, Bengali, Telugu"
Rectal pain,"Hemorrhoids, Anal fissure, Proctitis",Moderate,7,Pan-India,"English, Hindi, Tamil, Bengali, Marathi"
Inability to urinate,"Urinary retention, Prostate enlargement, Urethral stricture",Severe,3,Pan-India,"English, Hindi, Tamil, Bengali, Telugu"
Yellow skin,"Jaundice, Hepatitis, Gallstones",Severe,21,Pan-India,"English, Hindi, Tamil, Bengali, Marathi"
Pale skin,"Anemia, Shock, Vitamin deficiency",Moderate,14,Pan-India,"English, Hindi, Tamil, Bengali, Telugu"
Cyanosis,"Heart failure, Pulmonary embolism, COPD",Severe,3,North India,"English, Hindi, Punjabi, Urdu"
Swollen face,"Kidney disease, Allergic reaction, Cushing's syndrome",Moderate,7,Pan-India,"English, Hindi, Tamil, Bengali, Marathi"
Puffy eyes,"Allergies, Kidney disease, Hypothyroidism",Mild,5,Pan-India,"English, Hindi, Tamil, Bengali, Telugu"
Brittle nails,"Iron deficiency, Thyroid disorders, Fungal infection",Mild,60,Pan-India,"English, Hindi, Tamil, Bengali, Marathi"
Nail discoloration,"Fungal infection, Psoriasis, Melanoma",Mild,60,Pan-India,"English, Hindi, Tamil, Bengali, Telugu"
Sunken eyes,"Dehydration, Malnutrition, Aging",Moderate,7,Pan-India,"English, Hindi, Tamil, Bengali, Marathi"
Dark circles under eyes,"Allergies, Sleep deprivation, Anemia",Mild,14,Pan-India,"English, Hindi, Tamil, Bengali, Telugu"
Swollen gums,"Gingivitis, Vitamin C deficiency, Leukemia",Mild,14,Pan-India,"English, Hindi, Tamil, Bengali, Marathi"
Bleeding gums,"Gingivitis, Vitamin K deficiency, Leukemia",Moderate,7,Pan-India,"English, Hindi, Tamil, Bengali, Telugu"
Difficulty swallowing,"Esophageal stricture, Throat cancer, Achalasia",Moderate,14,Pan-India,"English, Hindi, Tamil, Bengali, Marathi"
Hoarse voice,"Laryngitis, Vocal cord nodules, Thyroid cancer",Mild,10,Pan-India,"English, Hindi, Tamil, Bengali, Telugu"
Lump in throat,"Globus sensation, Thyroid nodule, Esophageal cancer",Moderate,14,Pan-India,"English, Hindi, Tamil, Bengali, Marathi"
Neck swelling,"Goiter, Lymphadenopathy, Thyroid cancer",Moderate,21,Pan-India,"English, Hindi, Tamil, Bengali, Telugu"
Hiccups,"Gastroesophageal reflux, Hiatal hernia, Pneumonia",Mild,2,Pan-India,"English, Hindi, Tamil, Bengali, Marathi"
Excessive belching,"Gastroesophageal reflux, Gastritis, Functional dyspepsia",Mild,7,Pan-India,"English, Hindi, Tamil, Bengali, Telugu"
Excessive flatulence,"Irritable bowel syndrome, Lactose intolerance, Malabsorption",Mild,7,Pan-India,"English, Hindi, Tamil, Bengali, Marathi"
Rectal itching,"Hemorrhoids, Pinworms, Fungal infection",Mild,7,Pan-India,"English, Hindi, Tamil, Bengali, Telugu"
Hair thinning,"Iron deficiency, Hypothyroidism, Telogen effluvium",Mild,90,Pan-India,"English, Hindi, Tamil, Bengali, Marathi"
Facial hair in women,"Polycystic ovary syndrome, Cushing's syndrome, Adrenal disorders",Moderate,90,Pan-India,"English, Hindi, Tamil, Bengali, Telugu"
Excessive sweating,"Hyperthyroidism, Anxiety, Infection",Mild,14,Pan-India,"English, Hindi, Tamil, Bengali, Marathi"
Night blindness,"Vitamin A deficiency, Retinitis pigmentosa, Cataracts",Moderate,30,Rural India,"English, Hindi, Tamil, Bengali, Telugu"
Sensitivity to light,"Migraine, Iritis, Corneal abrasion",Moderate,7,Pan-India,"English, Hindi, Tamil, Bengali, Marathi"
Dry eyes,"Sjögren's syndrome, Aging, Computer vision syndrome",Mild,30,Pan-India,"English, Hindi, Tamil, Bengali, Telugu"
Watery eyes,"Allergies, Blocked tear duct, Conjunctivitis",Mild,7,Pan-India,"English, Hindi, Tamil, Bengali, Marathi"
Bulging eyes,"Graves' disease, Orbital cellulitis, Orbital tumor",Moderate,30,Pan-India,"English, Hindi, Tamil, Bengali, Telugu"
Yellow eyes,"Jaundice, Hepatitis, Alcoholic liver disease",Severe,21,Pan-India,"English, Hindi, Tamil, Bengali, Marathi"
Eye discharge,"Conjunctivitis, Blepharitis, Dacryocystitis",Mild,7,Pan-India,"English, Hindi, Tamil, Bengali, Telugu"
Dry mouth,"Sjögren's syndrome, Dehydration, Medication side effect",Mild,14,Pan-India,"English, Hindi, Tamil, Bengali, Marathi"
Excessive salivation,"Dental infection, Parkinson's disease, Gastroesophageal reflux",Mild,7,Pan-India,"English, Hindi, Tamil, Bengali, Telugu"
Tongue pain,"Glossitis, Oral candidiasis, Vitamin deficiency",Mild,7,Pan-India,"English, Hindi, Tamil, Bengali, Marathi"
White tongue,"Oral thrush, Leukoplakia, Dehydration",Mild,7,Pan-India,"English, Hindi, Tamil, Bengali, Telugu"
Red tongue,"Vitamin deficiency, Scarlet fever, Kawasaki disease",Moderate,7,Pan-India,"English, Hindi, Tamil, Bengali, Marathi"
Black hairy tongue,"Poor oral hygiene, Antibiotics, Tobacco use",Mild,14,Pan-India,"English, Hindi, Tamil, Bengali, Telugu"
Cracked lips,"Dehydration, Vitamin deficiency, Angular cheilitis",Mild,7,Pan-India,"English, Hindi, Tamil, Bengali, Marathi"
Change in taste,"Zinc deficiency, Medication side effect, COVID-19",Mild,14,Pan-India,"English, Hindi, Tamil, Bengali, Telugu"
Loss of taste,"COVID-19, Zinc deficiency, Bell's palsy",Moderate,14,Pan-India,"English, Hindi, Tamil, Bengali, Marathi"
Nose bleeding,"Hypertension, Dry air, Blood disorders",Moderate,3,North India,"English, Hindi, Punjabi, Urdu"
Runny nose,"Common cold, Allergies, Sinusitis",Mild,7,Pan-India,"English, Hindi, Tamil, Bengali, Telugu"
Stuffy nose,"Common cold, Sinusitis, Allergies",Mild,7,Pan-India,"English, Hindi, Tamil, Bengali, Marathi"
Postnasal drip,"Sinusitis, Allergies, Gastroesophageal reflux",Mild,14,Pan-India,"English, Hindi, Tamil, Bengali, Telugu"
Sneezing,"Allergies, Common cold, Rhinitis",Mild,7,Pan-India,"English, Hindi, Tamil, Bengali, Marathi"
Itchy nose,"Allergies, Rhinitis, Sinusitis",Mild,7,Pan-India,"English, Hindi, Tamil, Bengali, Telugu"
Nasal polyps,"Chronic sinusitis, Allergies, Cystic fibrosis",Moderate,180,North India,"English, Hindi, Punjabi, Urdu"
Change in smell,"COVID-19, Sinusitis, Nasal polyps",Moderate,14,Pan-India,"English, Hindi, Tamil, Bengali, Marathi"
Loss of smell,"COVID-19, Nasal polyps, Zinc deficiency",Moderate,14,Pan-India,"English, Hindi, Tamil, Bengali, Telugu"
Frequent infections,"HIV, Diabetes, Immunodeficiency",Severe,90,Pan-India,"English, Hindi, Tamil, Bengali, Marathi"
Swollen lymph nodes,"Infection, Tuberculosis, Lymphoma",Moderate,14,Pan-India,"English, Hindi, Tamil, Bengali, Telugu"
Unexplained weight loss,"Tuberculosis, Cancer, Hyperthyroidism",Severe,30,Pan-India,"English, Hindi, Tamil, Bengali, Marathi"
Unexplained weight gain,"Hypothyroidism, Cushing's syndrome, Edema",Moderate,30,Pan-India,"English, Hindi, Tamil, Bengali, Telugu"
Increased appetite,"Hyperthyroidism, Diabetes, Pregnancy",Mild,21,Pan-India,"English, Hindi, Tamil, Bengali, Marathi"
Decreased appetite,"Depression, Hepatitis, Cancer",Moderate,14,Pan-India,"English, Hindi, Tamil, Bengali, Telugu"
Delayed wound healing,"Diabetes, Peripheral vascular disease, Zinc deficiency",Moderate,21,Pan-India,"English, Hindi, Tamil, Bengali, Marathi"
Skin discoloration,"Vitiligo, Melasma, Tinea versicolor",Mild,180,Pan-India,"English, Hindi, Tamil, Bengali, Telugu"
Easy bruising,"Platelet disorders, Vitamin C deficiency, Liver disease",Moderate,14,Pan-India,"English, Hindi, Tamil, Bengali, Marathi"
Decreased exercise tolerance,"Heart failure, COPD, Anemia",Moderate,30,Pan-India,"English, Hindi, Tamil, Bengali, Telugu"
Foot ulcers,"Diabetes, Peripheral vascular disease, Neuropathy",Severe,60,Pan-India,"English, Hindi, Tamil, Bengali, Marathi"
Gangrene,"Diabetes, Peripheral vascular disease, Buerger's disease",Severe,30,Pan-India,"English, Hindi, Tamil, Bengali, Telugu"
Poor night vision,"Vitamin A deficiency, Retinitis pigmentosa, Cataracts",Moderate,60,Rural India,"English, Hindi, Tamil, Bengali, Marathi"
Frequent fractures,"Osteoporosis, Vitamin D deficiency, Paget's disease",Severe,60,North India,"English, Hindi, Punjabi, Urdu"
Growing pains,"Normal growth, Vitamin D deficiency, Juvenile idiopathic arthritis",Mild,1,Pan-India,"English, Hindi, Tamil, Bengali, Telugu"
Bedwetting,"Urinary tract infection, Sleep apnea, Diabetes",Mild,7,Pan-India,"English, Hindi, Tamil, Bengali, Marathi"
Failure to thrive,"Malnutrition, Congenital heart disease, Celiac disease",Severe,90,Rural India,"English, Hindi, Tamil, Bengali, Telugu"
Developmental delay,"Down syndrome, Autism spectrum disorder, Hypothyroidism",Severe,365,Pan-India,"English, Hindi, Tamil, Bengali, Marathi"
Abnormal gait,"Cerebral palsy, Muscular dystrophy, Vitamin B12 deficiency",Severe,180,Pan-India,"English, Hindi, Tamil, Bengali, Telugu"
Limping,"Hip dysplasia, Leg length discrepancy, Juvenile arthritis",Moderate,14,Pan-India,"English, Hindi, Tamil, Bengali, Marathi"
Toe walking,"Cerebral palsy, Autism spectrum disorder, Tight Achilles tendon",Moderate,180,Pan-India,"English, Hindi, Tamil, Bengali, Telugu"
Bowlegs,"Vitamin D deficiency, Blount's disease, Normal development",Mild,365,Rural India,"English, Hindi, Tamil, Bengali, Marathi"
Knock knees,"Normal development, Rickets, Obesity",Mild,365,Pan-India,"English, Hindi, Tamil, Bengali, Telugu"
Flat feet,"Normal variant, Obesity, Ligament laxity",Mild,365,Pan-India,"English, Hindi, Tamil, Bengali, Marathi"
High arched feet,"Charcot-Marie-Tooth disease, Cerebral palsy, Normal variant",Mild,365,Pan-India,"English, Hindi, Tamil, Bengali, Telugu"
Excessive crying in infants,"Colic, Ear infection, Gastroesophageal reflux",Moderate,90,Pan-India,"English, Hindi, Tamil, Bengali, Marathi"
Recurrent fever in children,"Periodic fever syndromes, Juvenile idiopathic arthritis, Immunodeficiency",Moderate,7,Pan-India,"English, Hindi, Tamil, Bengali, Telugu"
Recurrent abdominal pain in children,"Irritable bowel syndrome, Constipation, Abdominal migraine",Moderate,2,Pan-India,"English, Hindi, Tamil, Bengali, Marathi"
Excessive sweating in children,"Hyperthyroidism, Anxiety, Infection",Mild,7,Pan-India,"English, Hindi, Tamil, Bengali, Marathi"
Enlarged tonsils,"Chronic tonsillitis, Infectious mononucleosis, Lymphoma",Moderate,14,Pan-India,"English, Hindi, Tamil, Bengali, Telugu"
Snoring,"Adenoid hypertrophy, Obesity, Sleep apnea",Mild,180,Pan-India,"English, Hindi, Tamil, Bengali, Marathi"
Mouth breathing,"Adenoid hypertrophy, Deviated nasal septum, Allergic rhinitis",Mild,180,Pan-India,"English, Hindi, Tamil, Bengali, Telugu"
Recurrent ear infections,"Adenoid hypertrophy, Eustachian tube dysfunction, Immunodeficiency",Moderate,7,Pan-India,"English, Hindi, Tamil, Bengali, Marathi"
Delayed teething,"Vitamin D deficiency, Hypothyroidism, Down syndrome",Mild,90,Rural India,"English, Hindi, Tamil, Bengali, Telugu"
Early puberty,"Precocious puberty, Congenital adrenal hyperplasia, Hormone-secreting tumors",Moderate,365,Pan-India,"English, Hindi, Tamil, Bengali, Marathi"
Delayed puberty,"Constitutional delay, Hypogonadism, Chronic disease",Moderate,365,Pan-India,"English, Hindi, Tamil, Bengali, Telugu"
Short stature,"Growth hormone deficiency, Hypothyroidism, Malnutrition",Moderate,365,Rural India,"English, Hindi, Tamil, Bengali, Marathi"
Tall stature,"Marfan syndrome, Gigantism, Klinefelter syndrome",Mild,365,North India,"English, Hindi, Punjabi, Urdu"
Excessive thirst in children,"Diabetes, Diabetes insipidus, Psychogenic polydipsia",Moderate,14,Pan-India,"English, Hindi, Tamil, Bengali, Telugu"
Frequent urination in children,"Diabetes, Urinary tract infection, Overactive bladder",Moderate,7,Pan-India,"English, Hindi, Tamil, Bengali, Marathi"
Pain in the legs,"Growing pains, Vitamin D deficiency, Juvenile idiopathic arthritis",Moderate,14,Pan-India,"English, Hindi, Tamil, Bengali, Telugu"
Bow legs in children,"Vitamin D deficiency, Rickets, Blount's disease",Moderate,180,Rural India,"English, Hindi, Tamil, Bengali, Marathi"
Knock knees in children,"Rickets, Obesity, Normal variant",Mild,180,Pan-India,"English, Hindi, Tamil, Bengali, Telugu"
Refusal to walk,"Toxic synovitis, Juvenile idiopathic arthritis, Fracture",Moderate,14,Pan-India,"English, Hindi, Tamil, Bengali, Marathi"
Vision problems in children,"Refractive errors, Amblyopia, Strabismus",Moderate,180,Pan-India,"English, Hindi, Tamil, Bengali, Telugu"
Head tilting,"Torticollis, Vision problems, Ear infection",Moderate,14,Pan-India,"English, Hindi, Tamil, Bengali, Marathi"
Large head,"Hydrocephalus, Familial macrocephaly, Brain tumor",Severe,365,Pan-India,"English, Hindi, Tamil, Bengali, Telugu"
Small head,"Microcephaly, Malnutrition, Genetic disorders",Severe,365,Rural India,"English, Hindi, Tamil, Bengali, Marathi"
Speech delay,"Autism spectrum disorder, Hearing loss, Intellectual disability",Severe,365,Pan-India,"English, Hindi, Tamil, Bengali, Telugu"
Hyperactivity,"ADHD, Hyperthyroidism, Lead poisoning",Moderate,365,Urban India,"English, Hindi, Tamil, Bengali, Marathi"
Inattention,"ADHD, Learning disabilities, Sleep disorders",Moderate,365,Urban India,"English, Hindi, Tamil, Bengali, Telugu"
Learning difficulties,"Learning disabilities, ADHD, Intellectual disability",Moderate,365,Pan-India,"English, Hindi, Tamil, Bengali, Marathi"
Social withdrawal,"Autism spectrum disorder, Depression, Anxiety",Moderate,180,Urban India,"English, Hindi, Tamil, Bengali, Telugu"
Repetitive behaviors,"Autism spectrum disorder, OCD, Tic disorders",Moderate,365,Pan-India,"English, Hindi, Tamil, Bengali, Marathi"
Temper tantrums,"Normal development, ADHD, Autism spectrum disorder",Mild,14,Pan-India,"English, Hindi, Tamil, Bengali, Telugu"
Sleep problems in children,"Sleep apnea, Anxiety, ADHD",Moderate,30,Pan-India,"English, Hindi, Tamil, Bengali, Marathi"
Night terrors,"Normal variant, Stress, Sleep disorders",Mild,7,Pan-India,"English, Hindi, Tamil, Bengali, Telugu"
Sleepwalking,"Normal variant, Sleep disorders, Stress",Mild,7,Pan-India,"English, Hindi, Tamil, Bengali, Marathi"
Bedwetting,"Urinary tract infection, Sleep apnea, Diabetes",Mild,30,Pan-India,"English, Hindi, Tamil, Bengali, Telugu"
Tics,"Transient tic disorder, Tourette syndrome, OCD",Mild,30,Pan-India,"English, Hindi, Tamil, Bengali, Marathi"
Nail biting,"Anxiety, Normal habit, OCD",Mild,180,Pan-India,"English, Hindi, Tamil, Bengali, Telugu"
Thumb sucking,"Normal development, Anxiety, Dental problems",Mild,365,Pan-India,"English, Hindi, Tamil, Bengali, Marathi"
Hair pulling,"Trichotillomania, Anxiety, Stress",Moderate,180,Pan-India,"English, Hindi, Tamil, Bengali, Telugu"
Breath holding spells,"Normal variant, Iron deficiency, Emotional dysregulation",Moderate,7,Pan-India,"English, Hindi, Tamil, Bengali, Marathi"
Regression in development,"Autism spectrum disorder, Rett syndrome, Metabolic disorders",Severe,180,Pan-India,"English, Hindi, Tamil, Bengali, Telugu"
Facial weakness,"Bell's palsy, Stroke, Myasthenia gravis",Severe,21,Pan-India,"English, Hindi, Tamil, Bengali, Marathi"
Lockjaw,"Tetanus, Temporomandibular joint disorder, Peritonsillar abscess",Severe,14,Rural India,"English, Hindi, Tamil, Bengali, Telugu"
Drooping eyelid,"Myasthenia gravis, Horner's syndrome, Stroke",Moderate,21,Pan-India,"English, Hindi, Tamil, Bengali, Marathi"
Grinding teeth,"Bruxism, Dental malocclusion, Anxiety",Mild,180,Pan-India,"English, Hindi, Tamil, Bengali, Telugu"
Frequent cavities,"Poor dental hygiene, Diet high in sugar, Genetic factors",Mild,30,Pan-India,"English, Hindi, Tamil, Bengali, Marathi"
Teeth sensitivity,"Dental erosion, Gum recession, Cracked tooth",Mild,30,Pan-India,"English, Hindi, Tamil, Bengali, Telugu"
Loose teeth,"Periodontal disease, Trauma, Osteoporosis",Moderate,30,Pan-India,"English, Hindi, Tamil, Bengali, Marathi"
Black spots on teeth,"Dental caries, Staining, Fluorosis",Mild,180,Rural India,"English, Hindi, Tamil, Bengali, Telugu"
Tooth discoloration,"Fluorosis, Tetracycline use, Poor dental hygiene",Mild,180,Rural India,"English, Hindi, Tamil, Bengali, Marathi"
Bad breath,"Gum disease, Poor oral hygiene, Sinusitis",Mild,14,Pan-India,"English, Hindi, Tamil, Bengali, Telugu"
Painful gums,"Gingivitis, Dental abscess, Vitamin C deficiency",Moderate,7,Pan-India,"English, Hindi, Tamil, Bengali, Marathi"
Receding gums,"Periodontal disease, Aggressive brushing, Smoking",Moderate,180,Pan-India,"English, Hindi, Tamil, Bengali, Marathi"
Swollen gums,"Gingivitis, Pregnancy, Medication side effect",Moderate,7,Pan-India,"English, Hindi, Tamil, Bengali, Telugu"
Sores on gums,"Canker sores, Herpes, Oral cancer",Moderate,10,Pan-India,"English, Hindi, Tamil, Bengali, Marathi"
White patches in mouth,"Oral thrush, Leukoplakia, Oral lichen planus",Moderate,14,Pan-India,"English, Hindi, Tamil, Bengali, Telugu"
Red patches in mouth,"Erythroplakia, Vitamin deficiency, Geographic tongue",Moderate,14,Pan-India,"English, Hindi, Tamil, Bengali, Marathi"
Swollen tongue,"Allergic reaction, Vitamin deficiency, Angioedema",Moderate,3,Pan-India,"English, Hindi, Tamil, Bengali, Telugu"
Geographic tongue,"Benign condition, Psoriasis, Vitamin deficiency",Mild,30,Pan-India,"English, Hindi, Tamil, Bengali, Marathi"
Hairy tongue,"Poor oral hygiene, Antibiotics, Tobacco use",Mild,14,Pan-India,"English, Hindi, Tamil, Bengali, Telugu"
Burning tongue,"Burning mouth syndrome, Vitamin B12 deficiency, Candidiasis",Moderate,30,Pan-India,"English, Hindi, Tamil, Bengali, Marathi"
Dry mouth,"Sjögren's syndrome, Medication side effect, Dehydration",Mild,14,Pan-India,"English, Hindi, Tamil, Bengali, Telugu"
Excessive salivation,"Dental infection, Parkinson's disease, GERD",Mild,14,Pan-India,"English, Hindi, Tamil, Bengali, Marathi"
Difficulty opening mouth,"Tetanus, Temporomandibular joint disorder, Oral cancer",Moderate,21,Pan-India,"English, Hindi, Tamil, Bengali, Telugu"
Clicking jaw,"Temporomandibular joint disorder, Arthritis, Malocclusion",Mild,30,Urban India,"English, Hindi, Tamil, Bengali, Marathi"
Jaw pain,"Temporomandibular joint disorder, Dental abscess, Trigeminal neuralgia",Moderate,14,Urban India,"English, Hindi, Tamil, Bengali, Telugu"
Facial swelling,"Dental abscess, Angioedema, Parotitis",Moderate,7,Pan-India,"English, Hindi, Tamil, Bengali, Marathi"
Facial pain,"Sinusitis, Trigeminal neuralgia, Dental abscess",Moderate,7,Pan-India,"English, Hindi, Tamil, Bengali, Telugu"
Facial redness,"Rosacea, Lupus, Seborrheic dermatitis",Mild,30,North India,"English, Hindi, Punjabi, Urdu"
Facial rash,"Rosacea, Lupus, Contact dermatitis",Moderate,14,Pan-India,"English, Hindi, Tamil, Bengali, Marathi"
Nodules on face,"Acne, Rosacea, Basal cell carcinoma",Moderate,30,Pan-India,"English, Hindi, Tamil, Bengali, Telugu"
Open sores on face,"Impetigo, Herpes, Skin cancer",Moderate,14,Pan-India,"English, Hindi, Tamil, Bengali, Marathi"
Facial hair in women,"Polycystic ovary syndrome, Cushing's syndrome, Medication side effect",Moderate,180,Pan-India,"English, Hindi, Tamil, Bengali, Telugu"
Hair loss,"Alopecia, Thyroid disorders, Iron deficiency",Moderate,90,Pan-India,"English, Hindi, Tamil, Bengali, Marathi"
Hair thinning,"Androgenetic alopecia, Hypothyroidism, Iron deficiency",Moderate,90,Pan-India,"English, Hindi, Tamil, Bengali, Telugu"
Brittle hair,"Hypothyroidism, Malnutrition, Cushing's syndrome",Mild,90,Pan-India,"English, Hindi, Tamil, Bengali, Marathi"
Dandruff,"Seborrheic dermatitis, Psoriasis, Fungal infection",Mild,30,Pan-India,"English, Hindi, Tamil, Bengali, Telugu"
Itchy scalp,"Seborrheic dermatitis, Head lice, Psoriasis",Mild,14,Pan-India,"English, Hindi, Tamil, Bengali, Marathi"
Scalp sores,"Psoriasis, Seborrheic dermatitis, Folliculitis",Moderate,21,Pan-India,"English, Hindi, Tamil, Bengali, Telugu"
Scalp tenderness,"Tension headache, Scalp infection, Temporal arteritis",Moderate,7,Pan-India,"English, Hindi, Tamil, Bengali, Marathi"
Premature graying,"Genetic factors, Vitamin B12 deficiency, Thyroid disorders",Mild,365,Pan-India,"English, Hindi, Tamil, Bengali, Telugu"
Excessive hair growth,"Polycystic ovary syndrome, Cushing's syndrome, Medication side effect",Moderate,180,Pan-India,"English, Hindi, Tamil, Bengali, Marathi"
Boils,"Staphylococcal infection, Folliculitis, Hidradenitis suppurativa",Moderate,7,Pan-India,"English, Hindi, Tamil, Bengali, Telugu"
Skin tags,"Normal variant, Obesity, Insulin resistance",Mild,365,Pan-India,"English, Hindi, Tamil, Bengali, Marathi"
Moles,"Normal variant, Atypical nevus, Melanoma",Mild,365,Pan-India,"English, Hindi, Tamil, Bengali, Telugu"
Freckles,"Sun exposure, Genetic factors, Xeroderma pigmentosum",Mild,365,South India,"English, Tamil, Telugu, Kannada, Malayalam"
Age spots,"Sun damage, Aging, Liver disease",Mild,365,Pan-India,"English, Hindi, Tamil, Bengali, Marathi"
Birthmarks,"Port wine stain, Hemangioma, Nevus",Mild,3650,Pan-India,"English, Hindi, Tamil, Bengali, Telugu"
Vitiligo,"Autoimmune disorder, Genetic factors, Inflammatory conditions",Moderate,3650,Pan-India,"English, Hindi, Tamil, Bengali, Marathi"
Hives,"Allergic reaction, Stress, Infection",Moderate,7,Pan-India,"English, Hindi, Tamil, Bengali, Telugu"
Blisters,"Burns, Friction, Pemphigus",Moderate,10,Pan-India,"English, Hindi, Tamil, Bengali, Marathi"
Calluses,"Pressure, Friction, Hyperkeratosis",Mild,90,Pan-India,"English, Hindi, Tamil, Bengali, Telugu"
Corns,"Pressure, Friction, Improper footwear",Mild,90,Urban India,"English, Hindi, Tamil, Bengali, Marathi"
Warts,"Human papillomavirus, Immune suppression, Skin trauma",Mild,180,Pan-India,"English, Hindi, Tamil, Bengali, Telugu"
Varicose veins,"Chronic venous insufficiency, Pregnancy, Prolonged standing",Mild,365,Pan-India,"English, Hindi, Tamil, Bengali, Marathi"
Spider veins,"Chronic venous insufficiency, Liver disease, Hormonal changes",Mild,365,Pan-India,"English, Hindi, Tamil, Kannada"
Cold sores,"Herpes simplex virus, Weakened immune system, Stress",Mild,10,Pan-India,"English, Hindi, Bengali, Marathi"
Leg cramps at night,"Dehydration, Electrolyte imbalance, Peripheral artery disease",Moderate,1,Pan-India,"English, Hindi, Tamil, Telugu"
Restless legs,"Restless legs syndrome, Iron deficiency, Kidney failure",Moderate,30,Pan-India,"English, Hindi, Bengali, Marathi"
Flank pain,"Kidney stones, Pyelonephritis, Muscle strain",Severe,7,Pan-India,"English, Hindi, Tamil, Telugu, Kannada"
Pelvic pain,"Endometriosis, Pelvic inflammatory disease, Ovarian cysts",Moderate,21,Pan-India,"English, Hindi, Tamil, Bengali"
Groin pain,"Hernia, Muscle strain, Kidney stones",Moderate,10,Pan-India,"English, Hindi, Marathi, Gujarati"
Heel pain,"Plantar fasciitis, Achilles tendinitis, Heel spurs",Moderate,30,Pan-India,"English, Hindi, Tamil, Malayalam"
Wrist pain,"Carpal tunnel syndrome, Tendinitis, Arthritis",Moderate,21,Urban India,"English, Hindi, Marathi, Bengali"
Finger pain,"Arthritis, Trigger finger, Raynaud's disease",Moderate,14,Pan-India,"English, Hindi, Tamil, Telugu"
Toe pain,"Gout, Bunion, Ingrown toenail",Moderate,7,Pan-India,"English, Hindi, Bengali, Marathi"
Shoulder stiffness,"Frozen shoulder, Arthritis, Rotator cuff injury",Moderate,180,Pan-India,"English, Hindi, Tamil, Malayalam"
Neck stiffness,"Meningitis, Cervical spondylosis, Muscle strain",Moderate,7,Pan-India,"English, Hindi, Bengali, Marathi"
Back stiffness,"Ankylosing spondylitis, Muscle strain, Degenerative disc disease",Moderate,14,Pan-India,"English, Hindi, Tamil, Kannada"
Hip pain,"Arthritis, Bursitis, Sciatica",Moderate,30,Pan-India,"English, Hindi, Telugu, Marathi"
Knee clicking,"Meniscus tear, Arthritis, Ligament injury",Mild,21,Pan-India,"English, Hindi, Tamil, Bengali"
Knee locking,"Meniscus tear, Loose body, Patellar dislocation",Moderate,7,Pan-India,"English, Hindi, Tamil, Kannada"
Knee instability,"Ligament tear (ACL/PCL), Patellar instability, Muscle weakness",Severe,60,Pan-India,"English, Hindi, Telugu, Malayalam"
Elbow pain,"Tennis elbow, Golfer's elbow, Arthritis",Moderate,30,Pan-India,"English, Hindi, Bengali, Marathi"
Muscle twitching,"Benign fasciculation syndrome, Electrolyte imbalance, Motor neuron disease",Mild,5,Pan-India,"English, Hindi, Tamil, Telugu"
Muscle spasms,"Dehydration, Muscle fatigue, Electrolyte imbalance",Mild,2,Pan-India,"English, Hindi, Kannada, Malayalam"
Muscle soreness after exercise,"Delayed onset muscle soreness (DOMS), Muscle strain, Rhabdomyolysis",Mild,3,Pan-India,"English, Hindi, Marathi, Bengali"
Tingling sensation,"Peripheral neuropathy, Vitamin deficiency, Carpal tunnel syndrome",Moderate,21,Pan-India,"English, Hindi, Tamil, Telugu"
Burning sensation on skin,"Neuropathy, Shingles, Sunburn",Moderate,14,Pan-India,"English, Hindi, Bengali, Malayalam"
Crawling sensation on skin,"Formication, Peripheral neuropathy, Delusional parasitosis",Mild,7,Pan-India,"English, Hindi, Tamil, Kannada"
Loss of coordination,"Ataxia, Stroke, Multiple sclerosis",Severe,30,Pan-India,"English, Hindi, Bengali, Marathi"
Clumsiness,"Dyspraxia, Ataxia, Vitamin B12 deficiency",Moderate,60,Pan-India,"English, Hindi, Tamil, Telugu"
Difficulty walking,"Peripheral neuropathy, Parkinson's disease, Arthritis",Moderate,30,Pan-India,"English, Hindi, Bengali, Malayalam"
Shuffling gait,"Parkinson's disease, Normal pressure hydrocephalus, Stroke",Severe,180,Pan-India,"English, Hindi, Tamil, Kannada"
Difficulty standing up,"Muscle weakness, Orthostatic hypotension, Parkinson's disease",Moderate,14,Pan-India,"English, Hindi, Bengali, Marathi"
Difficulty reaching overhead,"Rotator cuff injury, Frozen shoulder, Arthritis",Moderate,21,Pan-India,"English, Hindi, Tamil, Telugu"
Difficulty gripping objects,"Carpal tunnel syndrome, Arthritis, Peripheral neuropathy",Moderate,30,Pan-India,"English, Hindi, Bengali, Malayalam"
Dropping objects frequently,"Peripheral neuropathy, Carpal tunnel syndrome, Muscle weakness",Moderate,21,Pan-India,"English, Hindi, Tamil, Kannada"
Hand tremors when writing,"Essential tremor, Parkinson's disease, Anxiety",Moderate,60,Pan-India,"English, Hindi, Bengali, Marathi"
Shaky voice,"Vocal tremor, Parkinson's disease, Anxiety",Moderate,30,Pan-India,"English, Hindi, Tamil, Telugu"
Slow speech,"Parkinson's disease, Stroke, Hypothyroidism",Moderate,30,Pan-India,"English, Hindi, Bengali, Malayalam"
Monotone voice,"Parkinson's disease, Depression, Autism spectrum disorder",Moderate,60,Pan-India,"English, Hindi, Tamil, Kannada"
Difficulty finding words,"Aphasia (stroke-related), Dementia, Anxiety",Moderate,14,Pan-India,"English, Hindi, Bengali, Marathi"
Feeling faint,"Vasovagal syncope, Orthostatic hypotension, Anemia",Moderate,1,Pan-India,"English, Hindi, Tamil, Telugu"
Near fainting,"Presyncope, Dehydration, Low blood sugar",Moderate,1,Pan-India,"English, Hindi, Bengali, Malayalam"
Lightheadedness,"Orthostatic hypotension, Inner ear problems, Dehydration",Mild,3,Pan-India,"English, Hindi, Tamil, Kannada"
Room spinning sensation,"Vertigo, Benign paroxysmal positional vertigo (BPPV), Meniere's disease",Moderate,5,Pan-India,"English, Hindi, Bengali, Marathi"
Unsteadiness,"Balance disorder, Peripheral neuropathy, Vision problems",Moderate,14,Pan-India,"English, Hindi, Tamil, Telugu"
Feeling detached,"Depersonalization disorder, Anxiety, PTSD",Moderate,21,Urban India,"English, Hindi, Bengali, Malayalam"
Feeling unreal,"Derealization disorder, Panic attack, Migraine aura",Moderate,1,Urban India,"English, Hindi, Tamil, Kannada"
Memory lapses,"Stress, Aging, Dementia",Mild,7,Pan-India,"English, Hindi, Bengali, Marathi"
Difficulty concentrating,"ADHD, Anxiety, Depression",Moderate,30,Urban India,"English, Hindi, Tamil, Telugu"
Poor judgment,"Dementia, Stroke, Substance abuse",Severe,60,Pan-India,"English, Hindi, Bengali, Malayalam"
Confusion about time or place,"Dementia, Delirium, Stroke",Severe,7,Pan-India,"English, Hindi, Tamil, Kannada"
Getting lost in familiar places,"Alzheimer's disease, Dementia, Stroke",Severe,30,Pan-India,"English, Hindi, Bengali, Marathi"
Difficulty planning or organizing,"Dementia, ADHD, Depression",Moderate,60,Pan-India,"English, Hindi, Tamil, Telugu"
Problems with abstract thinking,"Dementia, Schizophrenia, Stroke",Severe,90,Pan-India,"English, Hindi, Bengali, Malayalam"
Mood swings,"Bipolar disorder, Hormonal changes, Premenstrual syndrome (PMS)",Moderate,14,Pan-India,"English, Hindi, Tamil, Kannada"
Irritability,"Anxiety, Depression, PMS",Mild,7,Pan-India,"English, Hindi, Bengali, Marathi"
Agitation,"Anxiety, Dementia, Hyperthyroidism",Moderate,14,Pan-India,"English, Hindi, Tamil, Telugu"
Restlessness,"Anxiety, Restless legs syndrome, Hyperthyroidism",Moderate,7,Pan-India,"English, Hindi, Bengali, Malayalam"
Feeling hopeless,"Depression, Anxiety, Chronic illness",Moderate,30,Pan-India,"English, Hindi, Tamil, Kannada"
Feeling worthless,"Depression, Low self-esteem, Trauma",Moderate,30,Pan-India,"English, Hindi, Bengali, Marathi"
Loss of interest in activities,"Depression, Anhedonia, Chronic fatigue syndrome",Moderate,30,Pan-India,"English, Hindi, Tamil, Telugu"
Social isolation,"Depression, Anxiety, Agoraphobia",Moderate,60,Pan-India,"English, Hindi, Bengali, Malayalam"
Excessive worry,"Generalized anxiety disorder, Panic disorder, OCD",Moderate,90,Urban India,"English, Hindi, Tamil, Kannada"
Panic attacks,"Panic disorder, Agoraphobia, Specific phobia",Severe,1,Urban India,"English, Hindi, Bengali, Marathi"
Phobias,"Specific phobia, Social anxiety disorder, Agoraphobia",Moderate,180,Pan-India,"English, Hindi, Tamil, Telugu"
Obsessive thoughts,"Obsessive-compulsive disorder (OCD), Anxiety, Depression",Moderate,90,Urban India,"English, Hindi, Bengali, Malayalam"
Compulsive behaviors,"Obsessive-compulsive disorder (OCD), Anxiety, Tic disorders",Moderate,90,Urban India,"English, Hindi, Tamil, Kannada"
Flashbacks,"Post-traumatic stress disorder (PTSD), Acute stress disorder, Anxiety",Severe,7,Pan-India,"English, Hindi, Bengali, Marathi"
Nightmares,"PTSD, Anxiety, Stress",Moderate,14,Pan-India,"English, Hindi, Tamil, Telugu"
Feeling emotionally numb,"PTSD, Depression, Dissociative disorder",Moderate,30,Pan-India,"English, Hindi, Bengali, Malayalam"
Difficulty trusting others,"PTSD, Personality disorder, Past trauma",Moderate,180,Pan-India,"English, Hindi, Tamil, Kannada"
Hearing voices,"Schizophrenia, Bipolar disorder (mania), Severe depression",Severe,30,Pan-India,"English, Hindi, Bengali, Marathi"
Seeing things that aren't there,"Schizophrenia, Delirium, Drug withdrawal",Severe,14,Pan-India,"English, Hindi, Tamil, Telugu"
Paranoia,"Schizophrenia, Delusional disorder, Severe anxiety",Severe,30,Pan-India,"English, Hindi, Bengali, Malayalam"
Delusions,"Schizophrenia, Bipolar disorder, Delusional disorder",Severe,60,Pan-India,"English, Hindi, Tamil, Kannada"
Disorganized thinking,"Schizophrenia, Bipolar disorder (mania), Stroke",Severe,30,Pan-India,"English, Hindi, Bengali, Marathi"
Lack of motivation,"Depression, Schizophrenia (negative symptoms), Chronic fatigue syndrome",Moderate,60,Pan-India,"English, Hindi, Tamil, Telugu"
Poor hygiene,"Depression, Schizophrenia, Dementia",Moderate,30,Pan-India,"English, Hindi, Bengali, Malayalam"
Impulsive behavior,"ADHD, Bipolar disorder (mania), Substance abuse",Moderate,14,Urban India,"English, Hindi, Tamil, Kannada"
Risky behavior,"Bipolar disorder (mania), Substance abuse, Personality disorder",Severe,30,Pan-India,"English, Hindi, Bengali, Marathi"
Substance craving,"Substance use disorder, Addiction, Withdrawal",Severe,7,Pan-India,"English, Hindi, Tamil, Telugu, Punjabi"
Alcohol withdrawal symptoms,"Delirium tremens, Seizures, Anxiety",Severe,5,Pan-India,"English, Hindi, Bengali, Malayalam, Punjabi"
Drug withdrawal symptoms,"Varies by drug (e.g., nausea, insomnia, pain), Addiction",Severe,10,Pan-India,"English, Hindi, Tamil, Kannada, Punjabi"
Increased sensitivity to cold,"Hypothyroidism, Anemia, Raynaud's disease",Mild,30,North India,"English, Hindi, Punjabi, Urdu"
Increased sensitivity to heat,"Hyperthyroidism, Multiple sclerosis, Anxiety",Mild,14,Pan-India,"English, Hindi, Tamil, Bengali"
Heat intolerance,"Hyperthyroidism, Graves' disease, Menopause",Moderate,21,Pan-India,"English, Hindi, Tamil, Telugu"
Cold intolerance,"Hypothyroidism, Raynaud's disease, Anemia",Moderate,30,North India,"English, Hindi, Punjabi, Urdu"
Excessive thirst despite drinking,"Diabetes mellitus, Diabetes insipidus, Kidney disease",Moderate,7,Pan-India,"English, Hindi, Tamil, Kannada"
Frequent urination at night (Nocturia),"Diabetes, Prostate enlargement, Heart failure",Moderate,21,Pan-India,"English, Hindi, Bengali, Marathi"
Urinary incontinence,"Overactive bladder, Stress incontinence, Urinary tract infection",Moderate,14,Pan-India,"English, Hindi, Tamil, Telugu"
Urgency to urinate,"Overactive bladder, Urinary tract infection, Interstitial cystitis",Moderate,7,Pan-India,"English, Hindi, Bengali, Malayalam"
Leaking urine when coughing/sneezing,"Stress incontinence, Weak pelvic floor muscles, Obesity",Mild,30,Pan-India,"English, Hindi, Tamil, Kannada"
Difficulty starting urination,"Prostate enlargement (BPH), Urethral stricture, Neurogenic bladder",Moderate,14,Pan-India,"English, Hindi, Bengali, Marathi"
Weak urine stream,"Prostate enlargement (BPH), Urethral stricture, Bladder muscle weakness",Moderate,21,Pan-India,"English, Hindi, Tamil, Telugu"
Dribbling after urination,"Prostate enlargement (BPH), Urethral stricture, Overflow incontinence",Mild,14,Pan-India,"English, Hindi, Bengali, Malayalam"
Feeling of incomplete bladder emptying,"Prostate enlargement (BPH), Urinary retention, Neurogenic bladder",Moderate,14,Pan-India,"English, Hindi, Tamil, Kannada"
Cloudy urine,"Urinary tract infection, Kidney stones, Dehydration",Mild,5,Pan-India,"English, Hindi, Bengali, Marathi"
Foul-smelling urine,"Urinary tract infection, Dehydration, Certain foods/medications",Mild,5,Pan-India,"English, Hindi, Tamil, Telugu"
Pink or cola-colored urine,"Hematuria (blood in urine), Kidney stones, Urinary tract infection",Severe,7,Pan-India,"English, Hindi, Bengali, Malayalam"
Pain during intercourse (Dyspareunia),"Vaginitis, Endometriosis, Pelvic inflammatory disease",Moderate,21,Pan-India,"English, Hindi, Tamil, Kannada"
Vaginal dryness,"Menopause, Sjögren's syndrome, Medication side effect",Mild,30,Pan-India,"English, Hindi, Bengali, Marathi"
Vaginal itching,"Yeast infection, Bacterial vaginosis, Sexually transmitted infection",Moderate,7,Pan-India,"English, Hindi, Tamil, Telugu"
Abnormal vaginal odor,"Bacterial vaginosis, Trichomoniasis, Poor hygiene",Mild,7,Pan-India,"English, Hindi, Bengali, Malayalam"
Painful periods (Dysmenorrhea),"Endometriosis, Uterine fibroids, Adenomyosis",Moderate,5,Pan-India,"English, Hindi, Tamil, Kannada"
Heavy menstrual bleeding,"Uterine fibroids, Adenomyosis, Bleeding disorders",Severe,7,Pan-India,"English, Hindi, Bengali, Marathi"
Irregular periods,"Polycystic ovary syndrome (PCOS), Thyroid disorders, Stress",Moderate,60,Pan-India,"English, Hindi, Tamil, Telugu"
Bleeding between periods,"Hormonal imbalance, Uterine polyps, Cervical issues",Moderate,7,Pan-India,"English, Hindi, Bengali, Malayalam"
Bleeding after menopause,"Endometrial cancer, Vaginal atrophy, Uterine polyps",Severe,7,Pan-India,"English, Hindi, Tamil, Kannada"
Breast pain,"Fibrocystic changes, Mastitis, Menstrual cycle changes",Mild,7,Pan-India,"English, Hindi, Bengali, Marathi"
Nipple discharge,"Prolactinoma, Duct ectasia, Breast cancer",Moderate,14,Pan-India,"English, Hindi, Tamil, Telugu"
Inverted nipple (new onset),"Breast cancer, Duct ectasia, Infection",Severe,21,Pan-India,"English, Hindi, Bengali, Malayalam"
Skin changes on breast (dimpling redness),"Inflammatory breast cancer, Mastitis, Fat necrosis",Severe,14,Pan-India,"English, Hindi, Tamil, Kannada"
Lump in testicle,"Testicular cancer, Epididymal cyst, Hydrocele",Severe,14,Pan-India,"English, Hindi, Bengali, Marathi"
Pain in testicle,"Testicular torsion, Epididymitis, Orchitis",Severe,7,Pan-India,"English, Hindi, Tamil, Telugu"
Swelling in scrotum,"Hydrocele, Varicocele, Testicular cancer",Moderate,21,Pan-India,"English, Hindi, Bengali, Malayalam"
Difficulty achieving erection,"Erectile dysfunction, Diabetes, Cardiovascular disease",Moderate,60,Pan-India,"English, Hindi, Tamil, Kannada"
Difficulty maintaining erection,"Erectile dysfunction, Anxiety, Vascular problems",Moderate,60,Pan-India,"English, Hindi, Bengali, Marathi"
Decreased libido,"Low testosterone, Depression, Medication side effect",Moderate,30,Pan-India,"English, Hindi, Tamil, Telugu"
Painful ejaculation,"Prostatitis, Seminal vesiculitis, Sexually transmitted infection",Moderate,14,Pan-India,"English, Hindi, Bengali, Malayalam"
Blood in semen,"Prostatitis, Infection, Trauma",Moderate,7,Pan-India,"English, Hindi, Tamil, Kannada"
Penile discharge,"Urethritis (Gonorrhea, Chlamydia), Balanitis",Moderate,7,Pan-India,"English, Hindi, Bengali, Marathi, Punjabi"
Sores on genitals,"Herpes simplex virus, Syphilis, Chancroid",Moderate,14,Pan-India,"English, Hindi, Tamil, Telugu, Punjabi"
Warts on genitals,Human papillomavirus (HPV),Mild,180,Pan-India,"English, Hindi, Bengali, Malayalam, Punjabi"
Itching in genital area,"Fungal infection (jock itch), Scabies, Pubic lice",Mild,7,Pan-India,"English, Hindi, Tamil, Kannada"
Rectal discharge,"Proctitis, Sexually transmitted infection, Anal fistula",Moderate,7,Pan-India,"English, Hindi, Bengali, Marathi"
Feeling of pressure in rectum,"Hemorrhoids, Constipation, Rectal prolapse",Mild,5,Pan-India,"English, Hindi, Tamil, Telugu"
Difficulty controlling bowel movements,"Fecal incontinence, Nerve damage, Diarrhea",Moderate,14,Pan-India,"English, Hindi, Bengali, Malayalam"
Greasy stools,"Malabsorption, Pancreatitis, Celiac disease",Moderate,7,Pan-India,"English, Hindi, Tamil, Kannada"
Pale stools,"Bile duct obstruction, Liver disease, Pancreatitis",Severe,7,Pan-India,"English, Hindi, Bengali, Marathi"
Bright red blood in stool,"Lower gastrointestinal bleeding (hemorrhoids, diverticulosis, colitis)",Severe,5,Pan-India,"English, Hindi, Bengali, Malayalam"
Mucus in stool,"Irritable bowel syndrome (IBS), Ulcerative colitis, Infection",Mild,7,Pan-India,"English, Hindi, Tamil, Kannada"
Alternating constipation and diarrhea,"Irritable bowel syndrome (IBS), Inflammatory bowel disease (IBD)",Moderate,30,Pan-India,"English, Hindi, Bengali, Marathi"
Feeling of incomplete bowel movement,"Constipation, Irritable bowel syndrome (IBS), Rectal prolapse",Mild,7,Pan-India,"English, Hindi, Tamil, Telugu"
Straining during bowel movements,"Constipation, Hemorrhoids, Anal fissure",Mild,5,Pan-India,"English, Hindi, Bengali, Malayalam"
Loss of bowel control,"Fecal incontinence, Diarrhea, Nerve damage",Severe,3,Pan-India,"English, Hindi, Bengali, Marathi"
Increased abdominal girth,"Ascites (fluid accumulation), Obesity, Tumor",Moderate,30,Pan-India,"English, Hindi, Tamil, Telugu"
Visible veins on abdomen,"Liver cirrhosis (caput medusae), Portal hypertension",Severe,60,Pan-India,"English, Hindi, Bengali, Malayalam"
Abdominal rigidity,"Peritonitis, Appendicitis, Bowel perforation",Severe,1,Pan-India,"English, Hindi, Tamil, Kannada"
Rebound tenderness in abdomen,"Peritonitis, Appendicitis",Severe,1,Pan-India,"English, Hindi, Bengali, Marathi"
Abdominal guarding,"Appendicitis, Peritonitis, Cholecystitis",Severe,1,Pan-India,"English, Hindi, Tamil, Telugu"
Loss of appetite for specific foods,"Pregnancy cravings/aversions, Food intolerance, Psychological factors",Mild,14,Pan-India,"English, Hindi, Bengali, Malayalam"
Craving non-food items (Pica),"Iron deficiency anemia, Malnutrition, Pregnancy",Moderate,30,Rural India,"English, Hindi, Tamil, Kannada"
Metallic taste in mouth,"Medication side effect, Pregnancy, Gum disease",Mild,7,Pan-India,"English, Hindi, Bengali, Marathi"
Sour taste in mouth,"Gastroesophageal reflux disease (GERD), Gastritis",Mild,5,Pan-India,"English, Hindi, Tamil, Telugu"
Bitter taste in mouth,"Acid reflux, Liver or gallbladder problems, Medication side effect",Mild,5,Pan-India,"English, Hindi, Bengali, Malayalam"
Food aversion,"Eating disorder, Pregnancy, Chemotherapy side effect",Moderate,30,Pan-India,"English, Hindi, Tamil, Kannada"
Feeling full quickly (Early satiety),"Gastroparesis, Stomach ulcer, Stomach cancer",Moderate,14,Pan-India,"English, Hindi, Bengali, Marathi"
Pain after eating,"Gastritis, Peptic ulcer, Gallstones",Moderate,3,Pan-India,"English, Hindi, Tamil, Telugu"
Bloating after eating,"Irritable bowel syndrome (IBS), Food intolerance, Gastroparesis",Mild,2,Pan-India,"English, Hindi, Bengali, Malayalam"
Indigestion,"Gastroesophageal reflux disease (GERD), Peptic ulcer, Gastritis",Mild,3,Pan-India,"English, Hindi, Tamil, Kannada"
Heartburn,"Gastroesophageal reflux disease (GERD), Hiatal hernia, Pregnancy",Mild,2,Pan-India,"English, Hindi, Bengali, Marathi"
Regurgitation of food or sour liquid,"Gastroesophageal reflux disease (GERD), Achalasia",Moderate,3,Pan-India,"English, Hindi, Tamil, Telugu"
Water brash (excess saliva with reflux),Gastroesophageal reflux disease (GERD),Mild,2,Pan-India,"English, Hindi, Bengali, Malayalam"
Difficulty swallowing solids,"Esophageal stricture, Esophageal cancer, Achalasia",Moderate,21,Pan-India,"English, Hindi, Tamil, Kannada"
Difficulty swallowing liquids,"Achalasia, Stroke, Neurological disorders",Severe,14,Pan-India,"English, Hindi, Bengali, Marathi"
Painful swallowing (Odynophagia),"Esophagitis, Oral thrush, Throat infection",Moderate,7,Pan-India,"English, Hindi, Tamil, Telugu"
Feeling of food stuck in throat,"Esophageal stricture, Globus sensation, GERD",Moderate,7,Pan-India,"English, Hindi, Bengali, Malayalam"
Chest pressure,"Angina, Heart attack, GERD",Severe,1,Pan-India,"English, Hindi, Tamil, Kannada"
Chest tightness,"Asthma, Anxiety attack, Angina",Moderate,1,Pan-India,"English, Hindi, Bengali, Marathi"
Sharp chest pain,"Pleurisy, Pericarditis, Muscle strain",Severe,3,Pan-India,"English, Hindi, Tamil, Telugu"
Burning sensation in chest,"Heartburn (GERD), Angina, Esophagitis",Moderate,2,Pan-India,"English, Hindi, Bengali, Malayalam"
Pain radiating to arm/jaw/back,"Heart attack, Angina",Severe,1,Pan-India,"English, Hindi, Tamil, Kannada"
Shortness of breath with exertion,"Heart failure, COPD, Anemia",Moderate,14,Pan-India,"English, Hindi, Bengali, Marathi"
Shortness of breath at rest,"Pulmonary embolism, Pneumonia, Severe heart failure",Severe,3,Pan-India,"English, Hindi, Tamil, Telugu"
Shortness of breath when lying flat (Orthopnea),"Heart failure, Severe COPD, Obesity",Severe,7,Pan-India,"English, Hindi, Bengali, Malayalam"
Waking up breathless (Paroxysmal nocturnal dyspnea),"Heart failure, Sleep apnea",Severe,7,Pan-India,"English, Hindi, Tamil, Kannada"
Rapid breathing (Tachypnea),"Pneumonia, Asthma attack, Anxiety",Moderate,3,Pan-India,"English, Hindi, Bengali, Marathi"
Shallow breathing,"Pain, Anxiety, Respiratory muscle weakness",Moderate,3,Pan-India,"English, Hindi, Tamil, Telugu"
Blue lips or fingernails (Cyanosis),"Hypoxia (low oxygen), Heart failure, Severe lung disease",Severe,1,North India,"English, Hindi, Punjabi, Urdu"
Clubbing of fingers/toes,"Chronic lung disease, Congenital heart disease, Lung cancer",Moderate,180,Pan-India,"English, Hindi, Tamil, Kannada"
Coughing up blood (Hemoptysis),"Tuberculosis, Lung cancer, Bronchiectasis",Severe,7,North India,"English, Hindi, Punjabi, Urdu"
Coughing up thick phlegm,"Bronchitis, Pneumonia, Cystic fibrosis",Moderate,14,North India,"English, Hindi, Punjabi, Urdu"
Coughing up yellow/green phlegm,"Bacterial infection (bronchitis, pneumonia)",Moderate,10,North India,"English, Hindi, Punjabi, Urdu"
Barking cough,"Croup, Laryngitis",Moderate,5,Pan-India,"English, Hindi, Bengali, Marathi"
Whooping cough sound,Pertussis,Severe,21,Pan-India,"English, Hindi, Tamil, Telugu"
Chronic cough (more than 8 weeks),"Asthma, COPD, Postnasal drip",Moderate,60,Pan-India,"English, Hindi, Bengali, Malayalam"
Voice change,"Laryngitis, Vocal cord nodules, Thyroid problems",Mild,10,Pan-India,"English, Hindi, Tamil, Kannada"
Loss of voice,"Laryngitis, Vocal cord paralysis, Overuse",Moderate,7,Pan-India,"English, Hindi, Bengali, Marathi"
Pain when speaking,"Laryngitis, Vocal cord strain",Mild,5,Pan-India,"English, Hindi, Tamil, Telugu"
Ear fullness,"Eustachian tube dysfunction, Earwax impaction, Meniere's disease",Mild,5,Pan-India,"English, Hindi, Bengali, Malayalam"
Ear discharge,"Ear infection (otitis media/externa), Ruptured eardrum",Moderate,7,Pan-India,"English, Hindi, Tamil, Kannada"
Ringing in one ear,"Tinnitus, Acoustic neuroma, Meniere's disease",Moderate,14,Pan-India,"English, Hindi, Bengali, Marathi"
Pulsating sound in ear,"Pulsatile tinnitus, Vascular abnormality, High blood pressure",Moderate,14,Pan-India,"English, Hindi, Tamil, Telugu"
Hearing voices when alone,"Auditory hallucinations (Schizophrenia, psychosis)",Severe,30,Pan-India,"English, Hindi, Bengali, Malayalam"
Muffled hearing,"Earwax impaction, Otitis media, Eustachian tube dysfunction",Mild,7,Pan-India,"English, Hindi, Tamil, Kannada"
Sudden hearing loss,"Sensorineural hearing loss, Viral infection, Stroke",Severe,3,Pan-India,"English, Hindi, Bengali, Marathi"
Gradual hearing loss,"Age-related hearing loss, Noise exposure, Otosclerosis",Moderate,365,Pan-India,"English, Hindi, Tamil, Telugu"
Pain behind the ear,"Mastoiditis, Otitis media, Shingles",Moderate,7,Pan-India,"English, Hindi, Bengali, Malayalam"
Itchy ear canal,"Otitis externa (swimmer's ear), Eczema, Fungal infection",Mild,5,Pan-India,"English, Hindi, Tamil, Kannada"
Eye redness,"Conjunctivitis (pink eye), Dry eye, Uveitis",Mild,7,Pan-India,"English, Hindi, Bengali, Marathi"
Eye discharge (pus or watery),"Conjunctivitis, Blocked tear duct, Corneal ulcer",Mild,7,Pan-India,"English, Hindi, Tamil, Telugu"
Gritty sensation in eye,"Dry eye syndrome, Foreign body, Blepharitis",Mild,3,Pan-India,"English, Hindi, Bengali, Malayalam"
Crusting of eyelids upon waking,"Blepharitis, Conjunctivitis",Mild,7,Pan-India,"English, Hindi, Tamil, Kannada"
Stye (painful lump on eyelid),Infected eyelash follicle,Mild,7,Pan-India,"English, Hindi, Bengali, Marathi"
Chalazion (painless lump on eyelid),Blocked oil gland,Mild,30,Pan-India,"English, Hindi, Tamil, Telugu"
Droopy eyelid (Ptosis),"Myasthenia gravis, Nerve damage, Aging",Moderate,60,Pan-India,"English, Hindi, Bengali, Malayalam"
Eyelid twitching,"Stress, Fatigue, Caffeine",Mild,3,Pan-India,"English, Hindi, Tamil, Kannada"
Inability to close eye completely,"Bell's palsy, Stroke, Facial nerve injury",Severe,14,Pan-India,"English, Hindi, Bengali, Marathi"
Seeing floaters,"Posterior vitreous detachment, Retinal tear, Uveitis",Mild,14,Pan-India,"English, Hindi, Tamil, Telugu"
Seeing flashes of light,"Retinal tear or detachment, Migraine aura",Severe,1,Pan-India,"English, Hindi, Bengali, Malayalam"
Curtain or veil over vision,Retinal detachment,Severe,1,Pan-India,"English, Hindi, Tamil, Kannada"
Tunnel vision,"Glaucoma, Retinitis pigmentosa, Stroke",Severe,180,Pan-India,"English, Hindi, Bengali, Marathi"
Blind spots in vision,"Macular degeneration, Glaucoma, Optic neuritis",Moderate,60,Pan-India,"English, Hindi, Tamil, Telugu"
Distorted vision (straight lines appear wavy),"Macular degeneration, Diabetic retinopathy",Moderate,30,Pan-India,"English, Hindi, Bengali, Malayalam"
Difficulty seeing at night,"Night blindness (Vitamin A def.), Cataracts, Retinitis pigmentosa",Moderate,60,Rural India,"English, Hindi, Tamil, Kannada"
Halos around lights,"Cataracts, Glaucoma, Corneal edema",Moderate,30,Pan-India,"English, Hindi, Bengali, Marathi"
Need for brighter light when reading,"Presbyopia (age-related farsightedness), Cataracts",Mild,180,Pan-India,"English, Hindi, Tamil, Telugu"
Frequent changes in eyeglass prescription,"Diabetes, Cataracts, Keratoconus",Moderate,90,Pan-India,"English, Hindi, Bengali, Malayalam"
Crossed eyes (Strabismus),"Muscle imbalance, Nerve problems, Refractive error",Moderate,180,Pan-India,"English, Hindi, Tamil, Kannada"
Lazy eye (Amblyopia),"Strabismus, Unequal refractive error, Cataract in childhood",Moderate,365,Pan-India,"English, Hindi, Bengali, Marathi"
Skin sensitivity to touch,"Neuropathy, Fibromyalgia, Sunburn",Moderate,14,Pan-India,"English, Hindi, Tamil, Telugu"
Skin thickening,"Scleroderma, Lymphedema, Chronic eczema",Moderate,180,Pan-India,"English, Hindi, Bengali, Malayalam"
Skin thinning,"Aging, Long-term steroid use, Cushing's syndrome",Mild,180,Pan-India,"English, Hindi, Tamil, Kannada"
Stretch marks (Striae),"Rapid weight gain/loss, Pregnancy, Cushing's syndrome",Mild,365,Pan-India,"English, Hindi, Bengali, Marathi"
Purple spots on skin (Purpura),"Vasculitis, Bleeding disorders, Medication reaction",Moderate,14,Pan-India,"English, Hindi, Tamil, Telugu"
Pinpoint red spots on skin (Petechiae),"Thrombocytopenia, Infection (meningitis, sepsis), Leukemia",Severe,7,Pan-India,"English, Hindi, Bengali, Malayalam"
Yellow bumps on skin (Xanthomas),"High cholesterol, Diabetes",Mild,90,Pan-India,"English, Hindi, Tamil, Kannada"
Pearly or waxy bump on skin,"Basal cell carcinoma, Sebaceous hyperplasia",Moderate,180,Pan-India,"English, Hindi, Bengali, Marathi"
Firm red nodule on skin,"Squamous cell carcinoma, Keratoacanthoma",Moderate,90,Pan-India,"English, Hindi, Tamil, Telugu"
Sore that does not heal,"Skin cancer (basal cell, squamous cell), Chronic infection",Severe,30,Pan-India,"English, Hindi, Tamil, Kannada"
Loss of pigment in patches (Vitiligo),Autoimmune condition,Mild,3650,Pan-India,"English, Hindi, Bengali, Marathi"
Darkening of skin creases,"Addison's disease, Acanthosis nigricans (insulin resistance)",Moderate,90,Pan-India,"English, Hindi, Tamil, Telugu"
Bronze skin,"Hemochromatosis, Addison's disease",Moderate,180,Pan-India,"English, Hindi, Bengali, Malayalam"
Butterfly rash across face,Systemic lupus erythematosus (SLE),Moderate,30,Pan-India,"English, Hindi, Tamil, Kannada"
Raynaud's phenomenon (fingers change color in cold),"Raynaud's disease, Scleroderma, Lupus",Mild,14,North India,"English, Hindi, Punjabi, Urdu"
Joint deformities,"Rheumatoid arthritis, Osteoarthritis",Severe,365,Pan-India,"English, Hindi, Bengali, Malayalam"
Reduced range of motion in joints,"Arthritis, Injury, Frozen shoulder",Moderate,30,Pan-India,"English, Hindi, Tamil, Kannada"
Bone pain,"Osteoporosis (fracture), Bone cancer, Paget's disease",Severe,21,Pan-India,"English, Hindi, Bengali, Marathi"
Curvature of the spine,"Scoliosis, Kyphosis, Osteoporosis",Moderate,365,Pan-India,"English, Hindi, Tamil, Telugu"
Loss of height,"Osteoporosis (vertebral fractures), Degenerative disc disease",Moderate,365,Pan-India,"English, Hindi, Bengali, Malayalam"
Feeling cold all the time,"Hypothyroidism, Anemia, Poor circulation",Mild,30,North India,"English, Hindi, Punjabi, Urdu"
Feeling hot all the time,"Hyperthyroidism, Menopause, Anxiety",Mild,21,Pan-India,"English, Hindi, Tamil, Kannada"
Pounding heart,"Palpitations, Anxiety, Arrhythmia",Moderate,1,Pan-India,"English, Hindi, Bengali, Marathi"
Skipped heartbeats,"Premature atrial/ventricular contractions (PACs/PVCs), Anxiety",Mild,1,Pan-India,"English, Hindi, Tamil, Telugu"
Rapid heartbeat (Tachycardia),"Anxiety, Arrhythmia (SVT, Afib), Hyperthyroidism",Moderate,1,Pan-India,"English, Hindi, Bengali, Malayalam"
Slow heartbeat (Bradycardia),"Heart block, Sick sinus syndrome, Medications",Moderate,1,Pan-India,"English, Hindi, Tamil, Kannada"
Swelling in legs and ankles,"Heart failure, Kidney disease, Venous insufficiency",Moderate,14,Pan-India,"English, Hindi, Bengali, Marathi"
Swelling in abdomen (Ascites),"Liver cirrhosis, Heart failure, Kidney disease",Severe,21,Pan-India,"English, Hindi, Tamil, Telugu"
Prominent neck veins,"Heart failure, Superior vena cava obstruction",Severe,14,Pan-India,"English, Hindi, Bengali, Malayalam"
Calf pain when walking (Claudication),Peripheral artery disease,Moderate,14,Pan-India,"English, Hindi, Tamil, Kannada"
Sores on feet or legs that heal slowly,"Peripheral artery disease, Diabetes",Severe,60,Pan-India,"English, Hindi, Bengali, Marathi"
One leg swollen and painful,"Deep vein thrombosis (DVT), Cellulitis",Severe,5,Pan-India,"English, Hindi, Bengali, Malayalam"
Headache worse in the morning,"Brain tumor, Sleep apnea, High blood pressure",Moderate,14,Pan-India,"English, Hindi, Bengali, Marathi"
Headache with fever and stiff neck,Meningitis,Severe,3,Pan-India,"English, Hindi, Tamil, Telugu"
Headache after head injury,"Concussion, Subdural hematoma",Moderate,7,Pan-India,"English, Hindi, Bengali, Malayalam"
Band-like pressure around head,Tension headache,Mild,3,Pan-India,"English, Hindi, Bengali, Marathi"
Severe pain around one eye,Cluster headache,Severe,1,Pan-India,"English, Hindi, Tamil, Telugu"
Tenderness of scalp,"Temporal arteritis, Tension headache",Moderate,7,Pan-India,"English, Hindi, Bengali, Malayalam"
General malaise (feeling unwell),"Viral infection, Chronic fatigue syndrome, Anemia",Mild,7,Pan-India,"English, Hindi, Tamil, Kannada"
Chills,"Fever, Infection, Hypothermia",Moderate,3,Pan-India,"English, Hindi, Bengali, Marathi"
Fever that comes and goes,"Malaria, Tuberculosis, Lymphoma",Moderate,14,Pan-India,"English, Hindi, Tamil, Telugu"
High fever (above 103F or 39.4C),"Severe infection (sepsis, pneumonia), Heat stroke",Severe,5,Pan-India,"English, Hindi, Bengali, Malayalam"
Low body temperature (Hypothermia),"Exposure to cold, Hypothyroidism, Sepsis (in elderly/infants)",Severe,1,North India,"English, Hindi, Punjabi, Urdu"
Poor wound healing,"Diabetes, Poor circulation, Malnutrition",Moderate,21,Pan-India,"English, Hindi, Tamil, Kannada"
Recurrent infections,"Immunodeficiency, Diabetes, Chronic steroid use",Moderate,30,Pan-India,"English, Hindi, Bengali, Marathi"
Slow growth in children,"Growth hormone deficiency, Malnutrition, Hypothyroidism",Moderate,365,Rural India,"English, Hindi, Tamil, Telugu"
Delayed milestones in children,"Developmental delay, Autism spectrum disorder, Cerebral palsy",Severe,365,Pan-India,"English, Hindi, Bengali, Malayalam"
Learning disability,"Specific learning disorder (dyslexia, dyscalculia), ADHD",Moderate,365,Urban India,"English, Hindi, Tamil, Kannada"
Behavioral problems in children,"ADHD, Oppositional defiant disorder, Conduct disorder",Moderate,180,Urban India,"English, Hindi, Bengali, Marathi"
Bedwetting (Enuresis) beyond age 5,"Delayed bladder control, Urinary tract infection, Sleep apnea",Mild,30,Pan-India,"English, Hindi, Tamil, Telugu"